candidate_id,condition,ablation,prompt_id,n_idx,calibrated_luar,neg_burrows,burrows_delta,distinct_1,distinct_2,dual_repaired,dist_c1_centroid,heldout_fidelity,copy_rate,copy_flag
C3_full_p00_k0,C3,full,p00,0,-0.3842,-1.8029,1.8029,0.5636,0.8802,0.369,0.4584,0.059886,0.0383,False
C3_full_p00_k1,C3,full,p00,1,0.1591,-2.0187,2.0187,0.5272,0.8933,0.3481,0.4776,0.060481,0.0371,False
C2_full_p00_k0,C2,full,p00,0,0.0521,-1.974,1.974,0.5635,0.9169,0.3752,0.482,0.038865,,
C2_full_p00_k1,C2,full,p00,1,-1.5979,-1.7634,1.7634,0.5751,0.9362,0.3199,0.4642,0.048087,,
C2_full_p00_k2,C2,full,p00,2,-1.4737,-1.968,1.968,0.5758,0.9309,0.3776,0.5084,0.054284,,
C2_full_p00_k3,C2,full,p00,3,-0.5334,-1.8331,1.8331,0.5849,0.9372,0.361,0.5052,0.045303,,
C2_full_p00_k4,C2,full,p00,4,-2.3013,-1.8657,1.8657,0.6043,0.9565,0.2718,0.4627,0.048341,,
C2_full_p00_k5,C2,full,p00,5,-0.3564,-1.9183,1.9183,0.5812,0.9517,0.3544,0.5308,0.053371,,
C2_full_p00_k6,C2,full,p00,6,-0.9211,-1.9302,1.9302,0.5781,0.9243,0.3554,0.497,0.037048,,
C2_full_p00_k7,C2,full,p00,7,-1.1219,-1.9704,1.9704,0.5822,0.9243,0.3525,0.4573,0.032003,,
C2_full_p01_k0,C2,full,p01,0,-1.4133,-1.9906,1.9906,0.5792,0.9375,0.4875,0.4635,0.041966,,
C2_full_p01_k1,C2,full,p01,1,-2.4583,-1.8331,1.8331,0.5957,0.9627,0.4481,0.4353,0.061691,,
C2_full_p01_k2,C2,full,p01,2,-1.8243,-1.8902,1.8902,0.5849,0.9568,0.4809,0.4546,0.046565,,
C2_full_p01_k3,C2,full,p01,3,-2.979,-2.0038,2.0038,0.5714,0.9297,0.498,0.4148,0.041482,,
C2_full_p01_k4,C2,full,p01,4,-3.651,-1.9378,1.9378,0.5722,0.941,0.5061,0.4829,0.041665,,
C2_full_p01_k5,C2,full,p01,5,-3.5622,-1.9721,1.9721,0.5573,0.9243,0.5252,0.4567,0.029151,,
C2_full_p01_k6,C2,full,p01,6,-2.951,-1.7957,1.7957,0.5741,0.9486,0.4447,0.3909,0.046587,,
C2_full_p01_k7,C2,full,p01,7,-1.9594,-1.8312,1.8312,0.6168,0.9455,0.4541,0.39,0.048304,,
C2_full_p02_k0,C2,full,p02,0,-5.1196,-1.8801,1.8801,0.5796,0.9188,0.3621,0.59,0.069947,,
C2_full_p02_k1,C2,full,p02,1,-4.5818,-2.0104,2.0104,0.5813,0.9519,0.2584,0.5793,0.041806,,
C2_full_p02_k2,C2,full,p02,2,-7.0844,-2.1248,2.1248,0.5756,0.9495,0.2753,0.5318,0.061045,,
C2_full_p02_k3,C2,full,p02,3,-6.1314,-2.0827,2.0827,0.5535,0.933,0.2932,0.5357,0.059084,,
C2_full_p02_k4,C2,full,p02,4,-4.1827,-1.8539,1.8539,0.5692,0.9372,0.2372,0.601,0.046707,,
C2_full_p02_k5,C2,full,p02,5,-5.2953,-1.9511,1.9511,0.5518,0.9325,0.2663,0.5522,0.055811,,
C2_full_p02_k6,C2,full,p02,6,-3.6958,-1.9635,1.9635,0.5881,0.9402,0.2949,0.5593,0.032867,,
C2_full_p02_k7,C2,full,p02,7,-3.0051,-1.9326,1.9326,0.5913,0.9407,0.2775,0.5268,0.042243,,
C2_full_p03_k3,C2,full,p03,3,-6.0688,-1.9436,1.9436,0.5842,0.9673,0.3894,0.4584,0.050292,,
C2_full_p03_k1,C2,full,p03,1,-3.7904,-1.8686,1.8686,0.6233,0.9375,0.445,0.4445,0.056759,,
C2_full_p03_k4,C2,full,p03,4,-3.3848,-1.9978,1.9978,0.5878,0.9333,0.4332,0.5085,0.049591,,
C2_full_p03_k2,C2,full,p03,2,-3.9822,-1.7546,1.7546,0.5942,0.9291,0.4404,0.5547,0.034627,,
C2_full_p03_k7,C2,full,p03,7,-5.1833,-1.8558,1.8558,0.6,0.9314,0.4069,0.4714,0.050658,,
C2_full_p03_k5,C2,full,p03,5,-4.0312,-1.8425,1.8425,0.599,0.9536,0.4367,0.5871,0.034961,,
C2_full_p03_k6,C2,full,p03,6,-5.5422,-1.9605,1.9605,0.597,0.9444,0.3239,0.4693,0.059667,,
C2_full_p03_k0,C2,full,p03,0,-4.4418,-1.7338,1.7338,0.602,0.9483,0.3992,0.4883,0.050221,,
C2_full_p04_k3,C2,full,p04,3,-3.4187,-1.846,1.846,0.5691,0.9387,0.4869,0.414,0.049167,,
C2_full_p04_k0,C2,full,p04,0,-1.3724,-1.9922,1.9922,0.585,0.9469,0.4496,0.4068,0.022743,,
C2_full_p04_k4,C2,full,p04,4,-3.8261,-1.9133,1.9133,0.5758,0.9253,0.5246,0.414,0.037391,,
C2_full_p04_k5,C2,full,p04,5,-3.6146,-1.9986,1.9986,0.564,0.9262,0.4764,0.3922,0.034657,,
C2_full_p04_k6,C2,full,p04,6,-4.5161,-1.7375,1.7375,0.58,0.9373,0.4876,0.4042,0.044609,,
C2_full_p04_k1,C2,full,p04,1,-4.0253,-1.9721,1.9721,0.5342,0.9103,0.5279,0.463,0.049293,,
C2_full_p04_k2,C2,full,p04,2,-3.0874,-1.9132,1.9132,0.52,0.9223,0.4672,0.4598,0.057302,,
C2_full_p04_k7,C2,full,p04,7,-1.6234,-1.8327,1.8327,0.5779,0.932,0.5433,0.4746,0.030967,,
C2_full_p05_k3,C2,full,p05,3,-1.6733,-1.9087,1.9087,0.605,0.9466,0.303,0.4064,0.066305,,
C2_full_p05_k0,C2,full,p05,0,-1.8296,-1.9458,1.9458,0.5827,0.9526,0.2667,0.3988,0.049851,,
C2_full_p05_k1,C2,full,p05,1,-0.4089,-2.0136,2.0136,0.5593,0.9044,0.2457,0.3568,0.055328,,
C2_full_p05_k5,C2,full,p05,5,-2.0519,-1.9385,1.9385,0.5663,0.9169,0.3283,0.37,0.054801,,
C2_full_p05_k4,C2,full,p05,4,-1.3331,-2.024,2.024,0.573,0.9133,0.3223,0.4149,0.065971,,
C2_full_p05_k2,C2,full,p05,2,-2.7842,-1.9892,1.9892,0.5963,0.9357,0.2524,0.3557,0.051365,,
C2_full_p05_k6,C2,full,p05,6,-2.2608,-1.9668,1.9668,0.5644,0.9276,0.2721,0.3777,0.058703,,
C2_full_p05_k7,C2,full,p05,7,-1.1238,-1.8646,1.8646,0.571,0.9385,0.247,0.4327,0.049304,,
C2_full_p06_k0,C2,full,p06,0,-2.8582,-1.9779,1.9779,0.577,0.9319,0.4453,0.4921,0.045148,,
C2_full_p06_k1,C2,full,p06,1,-0.7272,-1.8728,1.8728,0.6243,0.9462,0.4609,0.4288,0.030448,,
C2_full_p06_k2,C2,full,p06,2,-1.4026,-2.0545,2.0545,0.5907,0.9229,0.4732,0.4203,0.03742,,
C2_full_p06_k3,C2,full,p06,3,-2.6929,-2.0075,2.0075,0.5438,0.9251,0.4648,0.4062,0.040496,,
C2_full_p06_k4,C2,full,p06,4,-3.8353,-1.7758,1.7758,0.6283,0.9464,0.4297,0.3963,0.056192,,
C2_full_p06_k5,C2,full,p06,5,-1.9259,-1.9236,1.9236,0.5911,0.9373,0.4543,0.3922,0.045337,,
C2_full_p06_k6,C2,full,p06,6,-2.0208,-2.022,2.022,0.574,0.9349,0.4411,0.386,0.043085,,
C2_full_p06_k7,C2,full,p06,7,-2.482,-1.7538,1.7538,0.5903,0.9243,0.4763,0.4494,0.031638,,
C2_full_p07_k1,C2,full,p07,1,-1.1163,-1.9739,1.9739,0.5829,0.9383,0.2537,0.4505,0.072833,,
C2_full_p07_k0,C2,full,p07,0,-2.1979,-1.7554,1.7554,0.6,0.9332,0.3126,0.4287,0.064573,,
C2_full_p07_k2,C2,full,p07,2,-0.9458,-1.7954,1.7954,0.5691,0.9103,0.2572,0.4453,0.055015,,
C2_full_p07_k3,C2,full,p07,3,0.1892,-1.7894,1.7894,0.5722,0.9437,0.2868,0.4432,0.052283,,
C2_full_p07_k5,C2,full,p07,5,-1.9463,-2.0577,2.0577,0.5601,0.926,0.2412,0.4005,0.061096,,
C2_full_p07_k4,C2,full,p07,4,-1.6164,-1.8288,1.8288,0.5573,0.9086,0.2666,0.4295,0.057808,,
C2_full_p07_k7,C2,full,p07,7,-2.8535,-1.9377,1.9377,0.56,0.9118,0.2537,0.4055,0.058074,,
C2_full_p07_k6,C2,full,p07,6,-1.4076,-1.8917,1.8917,0.5909,0.9303,0.2752,0.4242,0.063393,,
C2_full_p08_k0,C2,full,p08,0,-3.0102,-2.0329,2.0329,0.5521,0.9112,0.37,0.4254,0.035284,,
C2_full_p08_k1,C2,full,p08,1,-3.2615,-1.8667,1.8667,0.5755,0.9426,0.3765,0.4555,0.040167,,
C2_full_p08_k2,C2,full,p08,2,-3.3632,-2.0504,2.0504,0.5441,0.9394,0.3973,0.5158,0.034775,,
C2_full_p08_k3,C2,full,p08,3,-3.2415,-2.0319,2.0319,0.5741,0.931,0.3365,0.5179,0.046655,,
C2_full_p08_k4,C2,full,p08,4,-1.9262,-2.1052,2.1052,0.5399,0.9147,0.3881,0.3952,0.041625,,
C2_full_p08_k5,C2,full,p08,5,-4.6026,-1.8802,1.8802,0.5642,0.9517,0.3536,0.3802,0.041697,,
C2_full_p08_k6,C2,full,p08,6,-2.7278,-1.9455,1.9455,0.5355,0.9178,0.4075,0.5156,0.038994,,
C2_full_p08_k7,C2,full,p08,7,-2.7582,-2.0243,2.0243,0.5688,0.9469,0.3688,0.4227,0.038668,,
C2_full_p09_k0,C2,full,p09,0,-4.7592,-1.825,1.825,0.6,0.9486,0.4632,0.4063,0.047602,,
C2_full_p09_k4,C2,full,p09,4,-1.3417,-1.8778,1.8778,0.6016,0.963,0.4061,0.3507,0.054416,,
C2_full_p09_k3,C2,full,p09,3,-2.9586,-1.9502,1.9502,0.5689,0.913,0.4027,0.3512,0.048591,,
C2_full_p09_k1,C2,full,p09,1,-2.5869,-2.0258,2.0258,0.6184,0.942,0.4094,0.311,0.04892,,
C2_full_p09_k2,C2,full,p09,2,-3.5348,-1.9285,1.9285,0.555,0.9108,0.4437,0.3448,0.061375,,
C2_full_p09_k6,C2,full,p09,6,-1.9102,-1.8705,1.8705,0.612,0.9397,0.4408,0.3546,0.059037,,
C2_full_p09_k7,C2,full,p09,7,-3.7382,-1.991,1.991,0.5487,0.9075,0.431,0.3556,0.048025,,
C2_full_p09_k5,C2,full,p09,5,-2.4538,-1.973,1.973,0.5729,0.9164,0.4482,0.2955,0.038634,,
C2_full_p10_k0,C2,full,p10,0,-2.5731,-1.982,1.982,0.5738,0.9233,0.4228,0.5417,0.042866,,
C2_full_p10_k4,C2,full,p10,4,-2.6668,-2.0729,2.0729,0.5781,0.9341,0.4352,0.4079,0.028171,,
C2_full_p10_k2,C2,full,p10,2,-2.7046,-1.9939,1.9939,0.5476,0.9178,0.4482,0.5241,0.043645,,
C2_full_p10_k3,C2,full,p10,3,-2.1632,-1.9381,1.9381,0.6075,0.9191,0.4538,0.4359,0.045564,,
C2_full_p10_k1,C2,full,p10,1,-2.3187,-1.7681,1.7681,0.5957,0.9333,0.4264,0.5527,0.045693,,
C2_full_p10_k5,C2,full,p10,5,-2.0894,-1.9888,1.9888,0.5415,0.8883,0.4733,0.5143,0.055508,,
C2_full_p10_k6,C2,full,p10,6,-2.0694,-1.753,1.753,0.582,0.9644,0.5039,0.541,0.046456,,
C2_full_p10_k7,C2,full,p10,7,-1.7326,-1.8553,1.8553,0.6017,0.9218,0.5233,0.5134,0.045282,,
C2_full_p11_k1,C2,full,p11,1,-0.6367,-1.9769,1.9769,0.5392,0.901,0.4021,0.3732,0.051009,,
C2_full_p11_k4,C2,full,p11,4,-2.1258,-2.0223,2.0223,0.5729,0.9138,0.4691,0.3406,0.046005,,
C2_full_p11_k0,C2,full,p11,0,-1.4928,-1.9583,1.9583,0.5892,0.9404,0.503,0.4489,0.055326,,
C2_full_p11_k3,C2,full,p11,3,-0.7114,-1.9853,1.9853,0.6053,0.9519,0.4327,0.404,0.055536,,
C2_full_p11_k2,C2,full,p11,2,-0.3253,-1.9151,1.9151,0.5959,0.9584,0.4535,0.4305,0.035654,,
C2_full_p11_k5,C2,full,p11,5,-2.202,-1.9794,1.9794,0.5781,0.9321,0.4316,0.3798,0.058084,,
C2_full_p11_k6,C2,full,p11,6,-1.1792,-1.787,1.787,0.5888,0.9237,0.4555,0.4081,0.05345,,
C2_full_p11_k7,C2,full,p11,7,-2.9668,-2.0017,2.0017,0.6432,0.9791,0.45,0.4109,0.034478,,
C2_full_p12_k3,C2,full,p12,3,-1.8953,-1.8884,1.8884,0.5792,0.9178,0.4342,0.5008,0.031611,,
C2_full_p12_k1,C2,full,p12,1,-3.0503,-1.9691,1.9691,0.5587,0.9136,0.389,0.6359,0.022223,,
C2_full_p12_k2,C2,full,p12,2,-2.5304,-1.9411,1.9411,0.5942,0.9265,0.3132,0.5387,0.031625,,
C2_full_p12_k0,C2,full,p12,0,-3.462,-1.9043,1.9043,0.5903,0.9405,0.3543,0.4095,0.034866,,
C2_full_p12_k4,C2,full,p12,4,-4.606,-2.0266,2.0266,0.5371,0.9179,0.3033,0.5729,0.023889,,
C2_full_p12_k5,C2,full,p12,5,-2.6191,-1.8913,1.8913,0.574,0.9479,0.2325,0.4852,0.039132,,
C2_full_p12_k6,C2,full,p12,6,-2.9577,-1.976,1.976,0.5538,0.9218,0.3392,0.5036,0.047249,,
C2_full_p12_k7,C2,full,p12,7,-3.6153,-1.9793,1.9793,0.5858,0.9426,0.418,0.5525,0.020594,,
C2_full_p13_k2,C2,full,p13,2,-3.5551,-1.9717,1.9717,0.5342,0.9182,0.3996,0.5365,0.022684,,
C2_full_p13_k0,C2,full,p13,0,-1.8821,-1.8899,1.8899,0.5968,0.9388,0.3976,0.5799,0.040661,,
C2_full_p13_k1,C2,full,p13,1,-5.8209,-1.9395,1.9395,0.5765,0.9288,0.45,0.5259,0.046963,,
C2_full_p13_k3,C2,full,p13,3,-1.9102,-2.0342,2.0342,0.5777,0.9372,0.3843,0.4332,0.052127,,
C2_full_p13_k4,C2,full,p13,4,-2.7729,-1.9165,1.9165,0.595,0.9199,0.3909,0.5129,0.051876,,
C2_full_p13_k5,C2,full,p13,5,-3.414,-1.9833,1.9833,0.6039,0.9444,0.4347,0.5292,0.043256,,
C2_full_p13_k6,C2,full,p13,6,-2.1352,-1.9589,1.9589,0.5745,0.9147,0.4226,0.5705,0.054701,,
C2_full_p13_k7,C2,full,p13,7,-2.4584,-1.9019,1.9019,0.6156,0.9407,0.4068,0.5054,0.051138,,
C2_full_p14_k1,C2,full,p14,1,-2.1199,-1.852,1.852,0.5758,0.9309,0.5472,0.4236,0.030974,,
C2_full_p14_k0,C2,full,p14,0,-3.781,-1.9237,1.9237,0.5802,0.941,0.4784,0.4322,0.038284,,
C2_full_p14_k3,C2,full,p14,3,-4.2368,-1.8979,1.8979,0.573,0.9296,0.4818,0.4491,0.028148,,
C2_full_p14_k2,C2,full,p14,2,-3.3961,-1.9789,1.9789,0.5824,0.936,0.4349,0.3939,0.028551,,
C2_full_p14_k4,C2,full,p14,4,-0.581,-1.8222,1.8222,0.5936,0.933,0.5174,0.3425,0.035881,,
C2_full_p14_k5,C2,full,p14,5,-2.8717,-1.7582,1.7582,0.5938,0.9295,0.4626,0.4756,0.027374,,
C2_full_p14_k7,C2,full,p14,7,-2.8496,-1.8133,1.8133,0.5541,0.9312,0.524,0.4646,0.035185,,
C2_full_p14_k6,C2,full,p14,6,-1.9332,-1.9211,1.9211,0.5768,0.9432,0.5288,0.4118,0.028853,,
C2_full_p15_k0,C2,full,p15,0,-2.894,-1.9129,1.9129,0.5884,0.9577,0.4064,0.4261,0.050355,,
C2_full_p15_k2,C2,full,p15,2,-5.637,-2.0602,2.0602,0.5751,0.9117,0.375,0.4387,0.034291,,
C2_full_p15_k1,C2,full,p15,1,-2.0187,-2.0072,2.0072,0.5158,0.9077,0.3233,0.5285,0.04993,,
C2_full_p15_k3,C2,full,p15,3,-3.5539,-1.9338,1.9338,0.5878,0.96,0.3279,0.473,0.032303,,
C2_full_p15_k4,C2,full,p15,4,-2.5156,-1.8784,1.8784,0.5585,0.9173,0.3564,0.3896,0.033113,,
C2_full_p15_k5,C2,full,p15,5,-5.678,-2.1392,2.1392,0.5858,0.9454,0.3603,0.4983,0.044865,,
C2_full_p15_k7,C2,full,p15,7,-1.7291,-2.0947,2.0947,0.5571,0.9292,0.342,0.4778,0.048849,,
C2_full_p15_k6,C2,full,p15,6,-1.9948,-1.8894,1.8894,0.538,0.9128,0.3722,0.4854,0.043083,,
C2_none_p00_k1,C2,none,p00,1,-1.862,-1.9166,1.9166,0.5625,0.9455,0.3779,0.5458,0.033846,,
C2_none_p00_k0,C2,none,p00,0,-2.3395,-2.1496,2.1496,0.5851,0.9199,0.3466,0.5571,0.017417,,
C2_none_p00_k3,C2,none,p00,3,-1.8594,-1.937,1.937,0.5464,0.907,0.3771,0.5771,0.038221,,
C2_none_p00_k2,C2,none,p00,2,-4.0802,-2.0736,2.0736,0.5493,0.9118,0.4661,0.5765,0.022054,,
C2_none_p00_k4,C2,none,p00,4,-2.0332,-1.918,1.918,0.5966,0.9551,0.3647,0.6227,0.030255,,
C2_none_p00_k5,C2,none,p00,5,-2.2936,-2.2245,2.2245,0.5265,0.8994,0.3928,0.5022,0.025426,,
C2_none_p00_k6,C2,none,p00,6,-3.5758,-2.0924,2.0924,0.5824,0.9421,0.3175,0.5568,0.027639,,
C2_none_p00_k7,C2,none,p00,7,-2.5703,-2.0427,2.0427,0.563,0.914,0.4128,0.4991,0.033676,,
C2_none_p01_k1,C2,none,p01,1,-11.3289,-1.9612,1.9612,0.6022,0.9418,0.504,0.36,0.052751,,
C2_none_p01_k2,C2,none,p01,2,-12.918,-1.8876,1.8876,0.5989,0.955,0.5327,0.4286,0.031652,,
C2_none_p01_k4,C2,none,p01,4,-11.0229,-1.9023,1.9023,0.5833,0.9434,0.4577,0.3634,0.025584,,
C2_none_p01_k3,C2,none,p01,3,-7.9941,-1.7827,1.7827,0.6011,0.9315,0.4369,0.3671,0.04075,,
C2_none_p01_k0,C2,none,p01,0,-7.6715,-2.0755,2.0755,0.6272,0.9419,0.5594,0.5627,0.020589,,
C2_none_p01_k5,C2,none,p01,5,-7.1041,-1.9784,1.9784,0.6194,0.9526,0.443,0.4539,0.016926,,
C2_none_p01_k6,C2,none,p01,6,-9.3046,-1.9604,1.9604,0.6105,0.9657,0.478,0.3912,0.040807,,
C2_none_p01_k7,C2,none,p01,7,-5.7816,-1.9216,1.9216,0.6049,0.959,0.4499,0.4337,0.048324,,
C2_none_p02_k0,C2,none,p02,0,-3.1433,-1.9158,1.9158,0.5637,0.9321,0.2319,0.5351,0.038766,,
C2_none_p02_k1,C2,none,p02,1,-4.0106,-2.0535,2.0535,0.5897,0.9514,0.2007,0.489,0.040129,,
C2_none_p02_k2,C2,none,p02,2,-6.3286,-2.0241,2.0241,0.5635,0.9151,0.2489,0.4803,0.03929,,
C2_none_p02_k3,C2,none,p02,3,-4.8001,-1.9593,1.9593,0.5772,0.9484,0.1636,0.4669,0.047694,,
C2_none_p02_k4,C2,none,p02,4,-4.9781,-2.0025,2.0025,0.5598,0.9373,0.2157,0.5443,0.031231,,
C2_none_p02_k5,C2,none,p02,5,-6.0669,-1.9188,1.9188,0.6213,0.9809,0.2126,0.5168,0.049946,,
C2_none_p02_k6,C2,none,p02,6,-4.1778,-1.935,1.935,0.5535,0.933,0.1953,0.5091,0.026279,,
C2_none_p02_k7,C2,none,p02,7,-6.5887,-2.0919,2.0919,0.617,0.9787,0.2276,0.5634,0.04897,,
C2_none_p03_k1,C2,none,p03,1,-7.2616,-1.7809,1.7809,0.6499,0.9792,0.4047,0.4285,0.046126,,
C2_none_p03_k3,C2,none,p03,3,-8.8219,-1.8244,1.8244,0.6414,0.9737,0.3898,0.5009,0.038363,,
C2_none_p03_k0,C2,none,p03,0,-7.2155,-1.9678,1.9678,0.5879,0.9421,0.3724,0.4947,0.048555,,
C2_none_p03_k2,C2,none,p03,2,-6.0501,-2.019,2.019,0.5489,0.9347,0.4575,0.4224,0.045643,,
C2_none_p03_k5,C2,none,p03,5,-4.7187,-1.8369,1.8369,0.6085,0.9576,0.3982,0.5172,0.053167,,
C2_none_p03_k4,C2,none,p03,4,-4.3368,-1.9236,1.9236,0.645,0.9701,0.4082,0.4389,0.024315,,
C2_none_p03_k6,C2,none,p03,6,-4.0384,-2.0701,2.0701,0.6237,0.965,0.4257,0.5299,0.032154,,
C2_none_p03_k7,C2,none,p03,7,-11.146,-1.8357,1.8357,0.6327,0.9489,0.2662,0.3909,0.033946,,
C2_none_p04_k1,C2,none,p04,1,-9.8842,-1.8997,1.8997,0.5585,0.9333,0.5061,0.38,0.032415,,
C2_none_p04_k0,C2,none,p04,0,-11.8187,-2.07,2.07,0.5496,0.9543,0.4671,0.4054,0.034027,,
C2_none_p04_k2,C2,none,p04,2,-8.978,-1.9933,1.9933,0.5969,0.9501,0.5392,0.4463,0.05172,,
C2_none_p04_k3,C2,none,p04,3,-10.6928,-2.2054,2.2054,0.5591,0.9289,0.506,0.4385,0.021214,,
C2_none_p04_k5,C2,none,p04,5,-4.8322,-2.0266,2.0266,0.6322,0.9754,0.5029,0.3878,0.030811,,
C2_none_p04_k4,C2,none,p04,4,-8.7355,-2.0682,2.0682,0.6021,0.958,0.4127,0.3713,0.029737,,
C2_none_p04_k7,C2,none,p04,7,-9.0983,-1.9588,1.9588,0.584,0.9508,0.511,0.3489,0.034515,,
C2_none_p04_k6,C2,none,p04,6,-7.5006,-1.9108,1.9108,0.6077,0.9666,0.4254,0.432,0.024372,,
C2_none_p05_k0,C2,none,p05,0,-3.175,-1.9442,1.9442,0.5452,0.9197,0.42,0.4109,0.030882,,
C2_none_p05_k2,C2,none,p05,2,-2.498,-1.9127,1.9127,0.5838,0.9512,0.481,0.4437,0.032589,,
C2_none_p05_k3,C2,none,p05,3,-2.9967,-1.9989,1.9989,0.5543,0.9441,0.4847,0.5597,0.027342,,
C2_none_p05_k1,C2,none,p05,1,-1.2585,-1.914,1.914,0.5867,0.9412,0.444,0.5189,0.034926,,
C2_none_p05_k4,C2,none,p05,4,-1.7872,-2.0967,2.0967,0.5079,0.8661,0.438,0.3915,0.034785,,
C2_none_p05_k5,C2,none,p05,5,-0.3638,-1.9115,1.9115,0.6139,0.9387,0.4435,0.5252,0.045147,,
C2_none_p05_k6,C2,none,p05,6,-1.0647,-1.9107,1.9107,0.5538,0.9191,0.3623,0.4479,0.061251,,
C2_none_p05_k7,C2,none,p05,7,-3.2724,-1.9925,1.9925,0.6107,0.9492,0.418,0.5274,0.03408,,
C2_none_p06_k0,C2,none,p06,0,-8.033,-1.9726,1.9726,0.6082,0.9615,0.4889,0.4987,0.028557,,
C2_none_p06_k1,C2,none,p06,1,-8.4628,-2.0866,2.0866,0.5968,0.9488,0.5041,0.4093,0.03217,,
C2_none_p06_k2,C2,none,p06,2,-6.8949,-1.9927,1.9927,0.622,0.957,0.4675,0.3533,0.03297,,
C2_none_p06_k4,C2,none,p06,4,-5.3938,-1.9682,1.9682,0.5935,0.9402,0.4753,0.3785,0.037878,,
C2_none_p06_k3,C2,none,p06,3,-6.573,-2.0377,2.0377,0.5788,0.9301,0.4813,0.4376,0.035801,,
C2_none_p06_k5,C2,none,p06,5,-5.1458,-1.9713,1.9713,0.6197,0.9627,0.4742,0.3607,0.030448,,
C2_none_p06_k6,C2,none,p06,6,-2.6916,-2.0059,2.0059,0.5813,0.9198,0.4673,0.3934,0.045039,,
C2_none_p06_k7,C2,none,p06,7,-6.9653,-1.9962,1.9962,0.5635,0.9338,0.4117,0.3276,0.03876,,
C2_none_p07_k0,C2,none,p07,0,-2.6699,-1.9392,1.9392,0.5928,0.9406,0.2584,0.3843,0.061542,,
C2_none_p07_k1,C2,none,p07,1,-3.7076,-2.0788,2.0788,0.5865,0.9377,0.1605,0.3339,0.055349,,
C2_none_p07_k4,C2,none,p07,4,-5.3738,-2.0984,2.0984,0.5342,0.8874,0.2673,0.4138,0.052621,,
C2_none_p07_k2,C2,none,p07,2,-2.1797,-2.0129,2.0129,0.5576,0.9247,0.2119,0.3545,0.062208,,
C2_none_p07_k3,C2,none,p07,3,-0.0288,-1.9336,1.9336,0.6043,0.9491,0.2246,0.3512,0.063304,,
C2_none_p07_k5,C2,none,p07,5,-4.002,-2.0196,2.0196,0.5914,0.9364,0.2391,0.3022,0.067613,,
C2_none_p07_k6,C2,none,p07,6,-4.9609,-1.9363,1.9363,0.5968,0.9335,0.2288,0.3791,0.059986,,
C2_none_p07_k7,C2,none,p07,7,-6.8784,-2.2207,2.2207,0.5726,0.9021,0.2097,0.3807,0.055949,,
C2_none_p08_k1,C2,none,p08,1,-7.0015,-2.189,2.189,0.5026,0.8997,0.3842,0.5456,0.03404,,
C2_none_p08_k0,C2,none,p08,0,-5.8097,-2.0747,2.0747,0.566,0.944,0.263,0.4754,0.045056,,
C2_none_p08_k2,C2,none,p08,2,-7.2625,-2.2449,2.2449,0.6125,0.9629,0.3149,0.496,0.032843,,
C2_none_p08_k3,C2,none,p08,3,-12.027,-1.839,1.839,0.5547,0.9582,0.2875,0.4535,0.026045,,
C2_none_p08_k4,C2,none,p08,4,-6.7951,-2.1574,2.1574,0.555,0.9409,0.2856,0.5355,0.037254,,
C2_none_p08_k5,C2,none,p08,5,-5.8757,-2.0695,2.0695,0.5948,0.9531,0.3029,0.4688,0.028191,,
C2_none_p08_k6,C2,none,p08,6,-9.5726,-2.1552,2.1552,0.5648,0.9538,0.3157,0.4752,0.041737,,
C2_none_p08_k7,C2,none,p08,7,-7.0974,-2.0733,2.0733,0.5973,0.9478,0.2822,0.4855,0.045058,,
C2_none_p09_k0,C2,none,p09,0,-10.2496,-1.9114,1.9114,0.5818,0.9531,0.3762,0.2405,0.028411,,
C2_none_p09_k1,C2,none,p09,1,-5.3334,-1.9674,1.9674,0.6296,0.9771,0.4306,0.2669,0.044845,,
C2_none_p09_k2,C2,none,p09,2,-8.9757,-1.8501,1.8501,0.5782,0.9441,0.484,0.2624,0.042631,,
C2_none_p09_k3,C2,none,p09,3,-7.0333,-1.9781,1.9781,0.585,0.9348,0.4516,0.2941,0.045693,,
C2_none_p09_k4,C2,none,p09,4,-6.7784,-2.0364,2.0364,0.6046,0.9463,0.4215,0.3067,0.04635,,
C2_none_p09_k6,C2,none,p09,6,-7.4384,-2.0238,2.0238,0.6371,0.9722,0.4477,0.25,0.031448,,
C2_none_p09_k5,C2,none,p09,5,-10.0843,-1.9383,1.9383,0.622,0.9785,0.4443,0.2263,0.034895,,
C2_none_p09_k7,C2,none,p09,7,-12.5893,-1.8495,1.8495,0.6105,0.9578,0.4391,0.2759,0.022995,,
C2_none_p10_k0,C2,none,p10,0,-11.9781,-2.0484,2.0484,0.5905,0.9525,0.553,0.4976,0.041675,,
C2_none_p10_k1,C2,none,p10,1,-8.5004,-1.8491,1.8491,0.6011,0.9627,0.5056,0.4152,0.050627,,
C2_none_p10_k2,C2,none,p10,2,-9.3408,-2.047,2.047,0.6226,0.9448,0.4911,0.4694,0.045838,,
C2_none_p10_k3,C2,none,p10,3,-6.7242,-2.0809,2.0809,0.6011,0.9639,0.4649,0.4197,0.010892,,
C2_none_p10_k5,C2,none,p10,5,-7.1668,-2.0357,2.0357,0.5983,0.9465,0.4755,0.4948,0.022079,,
C2_none_p10_k6,C2,none,p10,6,-11.0992,-1.9582,1.9582,0.577,0.9607,0.4818,0.4904,0.024796,,
C2_none_p10_k4,C2,none,p10,4,-11.2516,-2.0008,2.0008,0.5897,0.9537,0.521,0.4933,0.037707,,
C2_none_p10_k7,C2,none,p10,7,-11.2845,-2.0573,2.0573,0.5862,0.9415,0.5255,0.414,0.023197,,
C2_none_p11_k0,C2,none,p11,0,-5.5341,-2.0402,2.0402,0.5874,0.9425,0.4881,0.3752,0.02358,,
C2_none_p11_k1,C2,none,p11,1,-11.2521,-1.9566,1.9566,0.6263,0.9623,0.4216,0.284,0.033351,,
C2_none_p11_k2,C2,none,p11,2,-7.6703,-1.8389,1.8389,0.6243,0.9496,0.4471,0.3391,0.03661,,
C2_none_p11_k3,C2,none,p11,3,-9.3959,-1.817,1.817,0.5755,0.9375,0.4924,0.2975,0.047947,,
C2_none_p11_k4,C2,none,p11,4,-5.422,-1.7624,1.7624,0.6037,0.9395,0.4229,0.3251,0.052368,,
C2_none_p11_k5,C2,none,p11,5,-7.7587,-2.0438,2.0438,0.6113,0.9651,0.4642,0.3484,0.026965,,
C2_none_p11_k6,C2,none,p11,6,-8.0243,-1.9114,1.9114,0.6098,0.962,0.4213,0.2959,0.035505,,
C2_none_p11_k7,C2,none,p11,7,-7.1459,-2.0671,2.0671,0.5802,0.9517,0.3951,0.3176,0.040728,,
C2_none_p12_k0,C2,none,p12,0,-6.1381,-1.8074,1.8074,0.595,0.9503,0.3507,0.4887,0.04903,,
C2_none_p12_k1,C2,none,p12,1,-7.9217,-1.9826,1.9826,0.6139,0.957,0.3337,0.5298,0.024109,,
C2_none_p12_k2,C2,none,p12,2,-8.4254,-2.1145,2.1145,0.5623,0.9361,0.3729,0.4705,0.022228,,
C2_none_p12_k4,C2,none,p12,4,-11.1168,-1.8971,1.8971,0.6087,0.9651,0.4201,0.4596,0.033766,,
C2_none_p12_k3,C2,none,p12,3,-9.1499,-1.9073,1.9073,0.6063,0.95,0.3267,0.4576,0.025296,,
C2_none_p12_k5,C2,none,p12,5,-10.9183,-1.819,1.819,0.6072,0.9637,0.369,0.4224,0.02369,,
C2_none_p12_k6,C2,none,p12,6,-10.2506,-1.8502,1.8502,0.6298,0.9584,0.4057,0.5311,0.023608,,
C2_none_p12_k7,C2,none,p12,7,-8.1193,-1.9111,1.9111,0.581,0.9468,0.3152,0.4381,0.033812,,
C2_none_p13_k0,C2,none,p13,0,-7.3438,-2.009,2.009,0.5978,0.9475,0.5353,0.6009,0.039054,,
C2_none_p13_k1,C2,none,p13,1,-6.3254,-1.9458,1.9458,0.6221,0.9534,0.5705,0.5696,0.040532,,
C2_none_p13_k2,C2,none,p13,2,-8.4115,-1.9864,1.9864,0.6098,0.9511,0.4377,0.5176,0.018417,,
C2_none_p13_k4,C2,none,p13,4,-6.7186,-2.1293,2.1293,0.569,0.9193,0.4929,0.5714,0.016779,,
C2_none_p13_k3,C2,none,p13,3,-6.7999,-1.8881,1.8881,0.5885,0.9325,0.5254,0.5601,0.038317,,
C2_none_p13_k7,C2,none,p13,7,-6.2975,-2.0638,2.0638,0.573,0.9187,0.5995,0.589,0.018824,,
C2_none_p13_k5,C2,none,p13,5,-4.5879,-2.0892,2.0892,0.5706,0.9306,0.5288,0.5569,0.002053,,
C2_none_p13_k6,C2,none,p13,6,-2.7671,-2.2294,2.2294,0.5296,0.9191,0.5337,0.5492,0.027116,,
C2_none_p14_k0,C2,none,p14,0,-5.4279,-1.8662,1.8662,0.5921,0.942,0.5328,0.4024,0.01505,,
C2_none_p14_k1,C2,none,p14,1,-7.5744,-1.8048,1.8048,0.5926,0.9629,0.4511,0.4625,0.023486,,
C2_none_p14_k2,C2,none,p14,2,-6.3706,-2.0821,2.0821,0.5608,0.9204,0.5637,0.3955,0.018146,,
C2_none_p14_k5,C2,none,p14,5,-6.8512,-1.9001,1.9001,0.6202,0.9673,0.4721,0.4382,0.009014,,
C2_none_p14_k3,C2,none,p14,3,-4.38,-2.1327,2.1327,0.5722,0.9437,0.514,0.4397,0.014937,,
C2_none_p14_k4,C2,none,p14,4,-4.0388,-2.0561,2.0561,0.5585,0.952,0.4878,0.4102,0.015253,,
C2_none_p14_k6,C2,none,p14,6,-5.1414,-1.7695,1.7695,0.6058,0.9576,0.5449,0.4242,0.013077,,
C2_none_p14_k7,C2,none,p14,7,-4.4159,-1.8223,1.8223,0.5979,0.9462,0.4808,0.4623,0.024076,,
C2_none_p15_k0,C2,none,p15,0,-12.825,-1.9045,1.9045,0.6192,0.9688,0.2375,0.5143,0.025756,,
C2_none_p15_k1,C2,none,p15,1,-3.1433,-2.0966,2.0966,0.6176,0.9631,0.2531,0.4691,0.017955,,
C2_none_p15_k2,C2,none,p15,2,-8.8427,-2.1813,2.1813,0.5594,0.9286,0.3281,0.4969,0.021264,,
C2_none_p15_k5,C2,none,p15,5,-11.8868,-2.0371,2.0371,0.6243,0.966,0.2817,0.4223,0.029782,,
C2_none_p15_k3,C2,none,p15,3,-7.1561,-2.0873,2.0873,0.6061,0.9696,0.2878,0.539,0.024409,,
C2_none_p15_k4,C2,none,p15,4,-5.3575,-2.1318,2.1318,0.6165,0.9487,0.3295,0.5394,0.035021,,
C2_none_p15_k6,C2,none,p15,6,-10.2112,-2.0075,2.0075,0.5553,0.9378,0.3419,0.537,0.013944,,
C2_none_p15_k7,C2,none,p15,7,-7.8247,-2.0199,2.0199,0.611,0.9423,0.2821,0.4799,0.018763,,
C3_full_p00_k3,C3,full,p00,3,-0.3645,-1.9092,1.9092,0.5326,0.8901,0.3298,0.4442,0.047325,0.0384,False
C3_full_p00_k2,C3,full,p00,2,-1.5036,-1.9181,1.9181,0.5799,0.9354,0.4182,0.4953,0.048389,0.0345,False
C3_full_p00_k4,C3,full,p00,4,-2.6235,-1.8583,1.8583,0.5737,0.9077,0.3496,0.4716,0.045496,0.0103,False
C3_full_p00_k5,C3,full,p00,5,-0.8344,-1.8246,1.8246,0.5419,0.9188,0.3471,0.5356,0.040091,0.0401,False
C3_full_p00_k6,C3,full,p00,6,-0.6385,-1.9751,1.9751,0.5364,0.9081,0.3268,0.4935,0.03543,0.0392,False
C3_full_p00_k7,C3,full,p00,7,-1.5832,-1.8418,1.8418,0.5435,0.8747,0.3844,0.4977,0.024741,0.0394,False
C3_full_p01_k0,C3,full,p01,0,-2.5006,-1.8945,1.8945,0.5565,0.9272,0.4605,0.3713,0.031274,0.0052,False
C3_full_p01_k3,C3,full,p01,3,-2.2601,-1.9004,1.9004,0.5521,0.9295,0.4845,0.488,0.045114,0.0051,False
C3_full_p01_k2,C3,full,p01,2,-1.8353,-1.9578,1.9578,0.5506,0.9219,0.5691,0.4863,0.044791,0.0051,False
C3_full_p01_k1,C3,full,p01,1,-2.3813,-1.9657,1.9657,0.5491,0.9149,0.4585,0.4498,0.040764,0.0052,False
C3_full_p01_k4,C3,full,p01,4,-2.7998,-1.9056,1.9056,0.5845,0.9435,0.4854,0.4601,0.054712,0.0052,False
C3_full_p01_k5,C3,full,p01,5,-0.972,-1.9358,1.9358,0.5515,0.9259,0.4858,0.4598,0.041051,0.0051,False
C3_full_p01_k6,C3,full,p01,6,-3.618,-1.9327,1.9327,0.5344,0.8859,0.4733,0.3757,0.047799,0.0052,False
C3_full_p01_k7,C3,full,p01,7,-1.8499,-2.0638,2.0638,0.5749,0.941,0.4876,0.395,0.043966,0.0104,False
C3_full_p02_k0,C3,full,p02,0,-3.2362,-1.8638,1.8638,0.586,0.9434,0.2336,0.5812,0.049925,0.0174,False
C3_full_p02_k3,C3,full,p02,3,-3.1407,-1.684,1.684,0.578,0.9256,0.2937,0.6292,0.04637,0.0326,False
C3_full_p02_k2,C3,full,p02,2,-1.6579,-1.9012,1.9012,0.5862,0.9495,0.2176,0.589,0.060327,0.0261,False
C3_full_p02_k1,C3,full,p02,1,-2.5737,-2.0008,2.0008,0.5389,0.9032,0.2566,0.6227,0.047878,0.0157,False
C3_full_p02_k4,C3,full,p02,4,-2.3572,-1.8361,1.8361,0.5947,0.942,0.262,0.6305,0.041792,0.0628,False
C3_full_p02_k5,C3,full,p02,5,-3.4617,-1.7698,1.7698,0.5622,0.9377,0.2993,0.6066,0.058956,0.0528,False
C3_full_p02_k6,C3,full,p02,6,-2.6632,-1.7919,1.7919,0.602,0.952,0.2261,0.6022,0.048667,0.0083,False
C3_full_p02_k7,C3,full,p02,7,-2.7837,-1.8252,1.8252,0.6102,0.9542,0.2729,0.5551,0.040607,0.0336,False
C3_full_p03_k0,C3,full,p03,0,-1.8658,-1.7522,1.7522,0.5619,0.9302,0.3668,0.5272,0.057176,0.0153,False
C3_full_p03_k1,C3,full,p03,1,-2.7361,-1.8704,1.8704,0.5937,0.9365,0.3455,0.4699,0.049246,0.0155,False
C3_full_p03_k3,C3,full,p03,3,-1.1615,-1.8651,1.8651,0.5989,0.9477,0.3592,0.5448,0.044305,0.0213,False
C3_full_p03_k2,C3,full,p03,2,-2.5855,-1.8865,1.8865,0.5659,0.9301,0.4395,0.5605,0.045329,0.0153,False
C3_full_p03_k4,C3,full,p03,4,-3.6556,-1.9565,1.9565,0.5805,0.9365,0.4363,0.6063,0.047038,0.0068,False
C3_full_p03_k6,C3,full,p03,6,-3.3206,-1.8997,1.8997,0.5962,0.9477,0.3376,0.4354,0.047362,0.0105,False
C3_full_p03_k5,C3,full,p03,5,-2.1754,-1.773,1.773,0.604,0.9347,0.3808,0.4394,0.04871,0.0269,False
C3_full_p03_k7,C3,full,p03,7,-2.6835,-1.744,1.744,0.5819,0.9495,0.3709,0.5415,0.042838,0.0167,False
C3_full_p04_k0,C3,full,p04,0,-2.4187,-1.8192,1.8192,0.5532,0.904,0.4865,0.4849,0.047341,0.0034,False
C3_full_p04_k1,C3,full,p04,1,-4.9136,-1.8989,1.8989,0.5623,0.9335,0.4458,0.4073,0.024762,0.0052,False
C3_full_p04_k3,C3,full,p04,3,-4.8472,-1.8732,1.8732,0.5526,0.9393,0.4739,0.4019,0.046305,0.0052,False
C3_full_p04_k2,C3,full,p04,2,-3.5825,-1.7072,1.7072,0.5503,0.9231,0.5085,0.4209,0.054135,0.0017,False
C3_full_p04_k5,C3,full,p04,5,-4.8268,-1.8195,1.8195,0.5508,0.9249,0.441,0.4068,0.053325,0.0017,False
C3_full_p04_k6,C3,full,p04,6,-1.6979,-1.9398,1.9398,0.5614,0.9319,0.5492,0.4551,0.046998,0.0051,False
C3_full_p04_k4,C3,full,p04,4,-1.3175,-1.9202,1.9202,0.5654,0.9291,0.4983,0.3948,0.041253,0.0051,False
C3_full_p04_k7,C3,full,p04,7,-5.187,-1.7303,1.7303,0.5847,0.9337,0.4798,0.498,0.029843,0.0052,False
C3_full_p05_k0,C3,full,p05,0,-0.799,-1.9003,1.9003,0.5513,0.9206,0.208,0.4932,0.068629,0.0128,False
C3_full_p05_k2,C3,full,p05,2,-1.7659,-1.8626,1.8626,0.5849,0.9188,0.3687,0.5139,0.051539,0.0137,False
C3_full_p05_k1,C3,full,p05,1,-1.4425,-1.8512,1.8512,0.5636,0.9219,0.375,0.5821,0.059478,0.0067,False
C3_full_p05_k3,C3,full,p05,3,-0.0443,-1.7341,1.7341,0.5617,0.9079,0.2643,0.4401,0.056917,0.0137,False
C3_full_p05_k4,C3,full,p05,4,-0.4921,-1.8509,1.8509,0.5692,0.9136,0.2554,0.4808,0.070598,0.0206,False
C3_full_p05_k5,C3,full,p05,5,-2.8705,-2.0696,2.0696,0.545,0.8934,0.3064,0.4263,0.066885,0.0105,False
C3_full_p05_k6,C3,full,p05,6,-0.5282,-1.8306,1.8306,0.5707,0.9278,0.2442,0.4429,0.070964,0.0209,False
C3_full_p05_k7,C3,full,p05,7,-1.7603,-1.9028,1.9028,0.5808,0.9451,0.3048,0.48,0.063818,0.0087,False
C3_full_p06_k0,C3,full,p06,0,-1.9007,-1.9141,1.9141,0.5722,0.9211,0.4611,0.3684,0.041842,0.0052,False
C3_full_p06_k1,C3,full,p06,1,-0.9348,-1.9748,1.9748,0.5619,0.9225,0.4362,0.4595,0.035588,0.0051,False
C3_full_p06_k3,C3,full,p06,3,-1.3104,-1.9526,1.9526,0.557,0.9229,0.4809,0.4414,0.049912,0.0052,False
C3_full_p06_k2,C3,full,p06,2,-0.9102,-1.8912,1.8912,0.5512,0.9237,0.4641,0.3622,0.045028,0.0017,False
C3_full_p06_k5,C3,full,p06,5,-1.081,-1.8936,1.8936,0.5501,0.9239,0.4337,0.3937,0.057654,0.0017,False
C3_full_p06_k4,C3,full,p06,4,-2.7138,-1.8748,1.8748,0.578,0.938,0.44,0.3616,0.027726,0.0052,False
C3_full_p06_k6,C3,full,p06,6,-1.4438,-1.879,1.879,0.5714,0.9337,0.4713,0.4167,0.034227,0.0052,False
C3_full_p06_k7,C3,full,p06,7,-0.7745,-1.7313,1.7313,0.5733,0.9149,0.4931,0.4219,0.052417,0.0051,False
C3_full_p07_k0,C3,full,p07,0,-0.1123,-1.9772,1.9772,0.5596,0.9221,0.2522,0.4644,0.061723,0.0067,False
C3_full_p07_k1,C3,full,p07,1,-0.3828,-1.883,1.883,0.5824,0.9394,0.2706,0.5157,0.055906,0.0088,False
C3_full_p07_k2,C3,full,p07,2,-0.7952,-1.9154,1.9154,0.5725,0.9247,0.2763,0.4844,0.069366,0.0051,False
C3_full_p07_k4,C3,full,p07,4,-2.0319,-1.9615,1.9615,0.5778,0.8969,0.2995,0.445,0.064117,0.0053,False
C3_full_p07_k3,C3,full,p07,3,-2.0129,-1.8696,1.8696,0.5842,0.9472,0.2857,0.4875,0.053187,0.0085,False
C3_full_p07_k5,C3,full,p07,5,-1.4252,-1.8894,1.8894,0.5573,0.9217,0.2872,0.4164,0.05998,0.0051,False
C3_full_p07_k6,C3,full,p07,6,-1.4598,-1.9735,1.9735,0.5497,0.9239,0.3315,0.5012,0.076075,0.0052,False
C3_full_p07_k7,C3,full,p07,7,-1.7533,-1.8078,1.8078,0.5963,0.941,0.2384,0.417,0.064674,0.0086,False
C3_full_p08_k0,C3,full,p08,0,-1.1418,-2.0577,2.0577,0.6022,0.9607,0.3905,0.4609,0.041017,0.0054,False
C3_full_p08_k1,C3,full,p08,1,-2.9601,-1.9189,1.9189,0.5714,0.931,0.3397,0.5408,0.044687,0.0017,False
C3_full_p08_k4,C3,full,p08,4,-2.653,-1.88,1.88,0.5853,0.9289,0.3498,0.4711,0.030611,0.0102,False
C3_full_p08_k2,C3,full,p08,2,-0.5667,-1.9877,1.9877,0.5927,0.9465,0.3161,0.5249,0.044024,0.0162,False
C3_full_p08_k3,C3,full,p08,3,-2.0412,-1.935,1.935,0.5706,0.9306,0.3051,0.4649,0.04565,0.0055,False
C3_full_p08_k5,C3,full,p08,5,-1.4626,-1.9324,1.9324,0.5638,0.9147,0.3909,0.5185,0.036414,0.0191,False
C3_full_p08_k6,C3,full,p08,6,-3.5886,-1.9367,1.9367,0.5696,0.9289,0.3499,0.5225,0.040112,0.0137,False
C3_full_p09_k0,C3,full,p09,0,-3.822,-1.9247,1.9247,0.5559,0.9253,0.4087,0.4189,0.029905,0.0051,False
C3_full_p08_k7,C3,full,p08,7,-2.3344,-1.8508,1.8508,0.5879,0.9553,0.3189,0.5295,0.053596,0.0052,False
C3_full_p09_k1,C3,full,p09,1,-2.3373,-1.9739,1.9739,0.5667,0.9486,0.423,0.3737,0.055094,0.0084,False
C3_full_p09_k4,C3,full,p09,4,-2.8196,-2.0195,2.0195,0.5553,0.9162,0.4421,0.4983,0.030464,0.0087,False
C3_full_p09_k3,C3,full,p09,3,-1.9424,-1.9963,1.9963,0.5782,0.9362,0.444,0.4153,0.031171,0.0052,False
C3_full_p09_k2,C3,full,p09,2,-4.8241,-1.9836,1.9836,0.5558,0.9401,0.447,0.4453,0.030779,0.0102,False
C3_full_p09_k5,C3,full,p09,5,-4.1583,-1.8238,1.8238,0.5438,0.9457,0.451,0.404,0.037194,0.0101,False
C3_full_p09_k6,C3,full,p09,6,-2.119,-1.6632,1.6632,0.5639,0.9497,0.4083,0.4365,0.042706,0.0083,False
C3_full_p09_k7,C3,full,p09,7,-2.1397,-1.7721,1.7721,0.555,0.9108,0.4407,0.4553,0.047353,0.0052,False
C3_full_p10_k0,C3,full,p10,0,-2.9106,-2.0403,2.0403,0.5603,0.9301,0.4476,0.4946,0.048055,0.0052,False
C3_full_p10_k1,C3,full,p10,1,-1.5348,-1.9785,1.9785,0.557,0.9069,0.3952,0.4842,0.032898,0.0052,False
C3_full_p10_k3,C3,full,p10,3,-2.8592,-1.8447,1.8447,0.5559,0.9153,0.4276,0.4493,0.047501,0.0035,False
C3_full_p10_k2,C3,full,p10,2,-3.077,-1.8113,1.8113,0.5285,0.913,0.4338,0.5002,0.046444,0.0035,False
C3_full_p10_k4,C3,full,p10,4,-2.4288,-1.8907,1.8907,0.5591,0.9158,0.4117,0.4322,0.043034,0.0052,False
C3_full_p10_k5,C3,full,p10,5,-3.0804,-1.8946,1.8946,0.5707,0.9011,0.4027,0.4488,0.036534,0.0052,False
C3_full_p10_k7,C3,full,p10,7,-1.8322,-1.9267,1.9267,0.5481,0.9427,0.4189,0.485,0.043925,0.0017,False
C3_full_p10_k6,C3,full,p10,6,-1.5417,-1.9605,1.9605,0.5833,0.9582,0.3545,0.5405,0.023172,0.0051,False
C3_full_p11_k0,C3,full,p11,0,-2.7367,-1.8001,1.8001,0.5619,0.9199,0.4015,0.3934,0.055515,0.0084,False
C3_full_p11_k1,C3,full,p11,1,-2.0151,-1.8725,1.8725,0.568,0.9144,0.4419,0.4053,0.046424,0.0052,False
C3_full_p11_k2,C3,full,p11,2,-1.6082,-1.8459,1.8459,0.55,0.9098,0.428,0.3927,0.042103,0.005,False
C3_full_p11_k3,C3,full,p11,3,-2.0717,-1.783,1.783,0.5721,0.9302,0.3903,0.4269,0.043449,0.0132,False
C3_full_p11_k4,C3,full,p11,4,-1.1058,-1.9412,1.9412,0.5282,0.8843,0.3293,0.4527,0.05196,0.005,False
C3_full_p11_k5,C3,full,p11,5,-3.3131,-1.9623,1.9623,0.5553,0.9244,0.466,0.4346,0.044054,0.005,False
C3_full_p11_k6,C3,full,p11,6,-3.2913,-1.9135,1.9135,0.5928,0.925,0.4462,0.3943,0.026599,0.0053,False
C3_full_p11_k7,C3,full,p11,7,-2.3984,-1.9606,1.9606,0.5415,0.9195,0.4397,0.413,0.037677,0.0084,False
C3_full_p12_k0,C3,full,p12,0,-2.0923,-2.0431,2.0431,0.5259,0.9117,0.2867,0.5666,0.042045,0.0017,False
C3_full_p12_k1,C3,full,p12,1,-2.8563,-1.9429,1.9429,0.5781,0.9347,0.3386,0.524,0.02591,0.0051,False
C3_full_p12_k3,C3,full,p12,3,-2.1888,-1.8841,1.8841,0.533,0.918,0.3399,0.5783,0.021185,0.0368,False
C3_full_p12_k2,C3,full,p12,2,-7.6846,-1.9729,1.9729,0.5667,0.946,0.3217,0.5669,0.026304,0.0118,False
C3_full_p12_k4,C3,full,p12,4,-3.4819,-1.7588,1.7588,0.5768,0.9192,0.3575,0.5467,0.022481,0.005,False
C3_full_p12_k5,C3,full,p12,5,-3.087,-1.9351,1.9351,0.5514,0.9377,0.3177,0.5255,0.024849,0.0053,False
C3_full_p12_k6,C3,full,p12,6,-2.5243,-1.9723,1.9723,0.5559,0.896,0.3782,0.5669,0.038649,0.0086,False
C3_full_p12_k7,C3,full,p12,7,-2.1104,-2.0003,2.0003,0.5337,0.9091,0.4033,0.5646,0.036961,0.0051,False
C3_full_p13_k1,C3,full,p13,1,-2.5458,-1.7866,1.7866,0.5836,0.9313,0.3513,0.6123,0.039189,0.0286,False
C3_full_p13_k0,C3,full,p13,0,-2.6584,-1.8928,1.8928,0.5703,0.9191,0.4184,0.5504,0.048777,0.0295,False
C3_full_p13_k2,C3,full,p13,2,-2.197,-1.9014,1.9014,0.5673,0.9339,0.3061,0.529,0.045578,0.0592,False
C3_full_p13_k3,C3,full,p13,3,-1.6864,-1.942,1.942,0.5903,0.9486,0.2817,0.5278,0.041144,0.062,False
C3_full_p13_k4,C3,full,p13,4,-2.2164,-1.9113,1.9113,0.5656,0.9381,0.2648,0.5566,0.055891,0.0638,False
C3_full_p13_k5,C3,full,p13,5,-1.4331,-1.792,1.792,0.5522,0.9286,0.3061,0.5175,0.056223,0.0544,False
C3_full_p13_k6,C3,full,p13,6,-2.4641,-2.0248,2.0248,0.562,0.934,0.3098,0.5615,0.051561,0.0271,False
C3_full_p13_k7,C3,full,p13,7,-0.9065,-1.7617,1.7617,0.6026,0.9551,0.3071,0.5069,0.04586,0.0442,False
C3_full_p14_k1,C3,full,p14,1,-2.6642,-1.8376,1.8376,0.5653,0.9225,0.5238,0.4169,0.026514,0.0017,False
C3_full_p14_k0,C3,full,p14,0,-2.4567,-1.9691,1.9691,0.5633,0.9135,0.4937,0.4625,0.04413,0.0052,False
C3_full_p14_k2,C3,full,p14,2,-0.544,-1.8075,1.8075,0.5702,0.907,0.5072,0.4431,0.040883,0.0054,False
C3_full_p14_k3,C3,full,p14,3,-3.658,-1.9391,1.9391,0.5514,0.916,0.5346,0.3976,0.050536,0.0053,False
C3_full_p14_k4,C3,full,p14,4,-2.0862,-1.856,1.856,0.5401,0.9378,0.4645,0.4959,0.040434,0.0017,False
C3_full_p14_k5,C3,full,p14,5,-2.9739,-1.9175,1.9175,0.5395,0.8934,0.5237,0.4217,0.042869,0.0053,False
C3_full_p14_k6,C3,full,p14,6,-2.4679,-1.9282,1.9282,0.527,0.8916,0.5254,0.4916,0.043431,0.0053,False
C3_full_p14_k7,C3,full,p14,7,-3.4347,-1.803,1.803,0.5863,0.9368,0.5202,0.3953,0.042629,0.0053,False
C3_full_p15_k0,C3,full,p15,0,-1.8084,-1.9416,1.9416,0.5663,0.9412,0.3691,0.4715,0.034658,0.0083,False
C3_full_p15_k1,C3,full,p15,1,-2.0259,-2.025,2.025,0.5535,0.9162,0.3666,0.4461,0.04915,0.0102,False
C3_full_p15_k2,C3,full,p15,2,-3.3752,-2.0413,2.0413,0.5279,0.916,0.3761,0.3965,0.035192,0.01,False
C3_full_p15_k4,C3,full,p15,4,-2.388,-1.8567,1.8567,0.5587,0.9309,0.4105,0.4638,0.031707,0.01,False
C3_full_p15_k3,C3,full,p15,3,-3.4292,-2.0146,2.0146,0.5236,0.9003,0.3615,0.4327,0.040286,0.0068,False
C3_full_p15_k6,C3,full,p15,6,-3.1409,-1.8591,1.8591,0.5597,0.9202,0.4041,0.4551,0.04682,0.0138,False
C3_full_p15_k5,C3,full,p15,5,-4.7194,-1.9271,1.9271,0.5426,0.9119,0.3471,0.4363,0.04127,0.0153,False
C3_full_p15_k7,C3,full,p15,7,-3.6404,-2.0959,2.0959,0.5804,0.9563,0.4622,0.5364,0.044533,0.0105,False
C3_none_p00_k0,C3,none,p00,0,0.5511,-2.0794,2.0794,0.5079,0.876,0.304,0.5148,0.03736,0.012,False
C3_none_p00_k1,C3,none,p00,1,-3.8654,-1.8837,1.8837,0.5408,0.9128,0.3359,0.4761,0.018811,0.0052,False
C3_none_p00_k2,C3,none,p00,2,-3.9826,-2.1798,2.1798,0.5452,0.8943,0.2739,0.5025,0.041071,0.0,False
C3_none_p00_k4,C3,none,p00,4,-1.8616,-1.9012,1.9012,0.547,0.9171,0.258,0.4473,0.051323,0.0,False
C3_none_p00_k3,C3,none,p00,3,-2.8297,-1.9066,1.9066,0.5516,0.9101,0.2697,0.4564,0.025805,0.0105,False
C3_none_p00_k5,C3,none,p00,5,-2.5567,-1.8751,1.8751,0.5565,0.9137,0.3496,0.4696,0.025696,0.0192,False
C3_none_p00_k6,C3,none,p00,6,-2.3232,-2.1714,2.1714,0.5323,0.9003,0.3262,0.4488,0.032153,0.0122,False
C3_none_p00_k7,C3,none,p00,7,-1.4807,-2.1059,2.1059,0.5089,0.8716,0.3165,0.4695,0.040452,0.0167,False
C3_none_p01_k1,C3,none,p01,1,-8.4468,-1.8046,1.8046,0.5956,0.937,0.494,0.3999,0.057506,0.0018,False
C3_none_p01_k2,C3,none,p01,2,-11.9683,-1.9442,1.9442,0.5623,0.9361,0.495,0.4022,0.048564,0.0035,False
C3_none_p01_k0,C3,none,p01,0,-3.6425,-2.0519,2.0519,0.5699,0.9203,0.4691,0.4255,0.039975,0.0035,False
C3_none_p01_k4,C3,none,p01,4,-7.7629,-2.0162,2.0162,0.5643,0.9368,0.5025,0.329,0.048333,0.0051,False
C3_none_p01_k6,C3,none,p01,6,-2.4612,-1.8529,1.8529,0.5917,0.9499,0.4885,0.3794,0.033094,0.0053,False
C3_none_p01_k5,C3,none,p01,5,-12.0943,-1.831,1.831,0.5961,0.9441,0.4139,0.3985,0.04938,0.0018,False
C3_none_p01_k7,C3,none,p01,7,-11.9224,-1.8566,1.8566,0.5698,0.9457,0.5175,0.3676,0.048327,0.0126,False
C3_none_p01_k3,C3,none,p01,3,-11.3036,-1.9778,1.9778,0.5691,0.9418,0.4614,0.398,0.058864,0.0017,False
C3_none_p02_k1,C3,none,p02,1,-6.5547,-1.926,1.926,0.535,0.8764,0.1859,0.5328,0.038676,0.0143,False
C3_none_p02_k0,C3,none,p02,0,-6.535,-2.1032,2.1032,0.5599,0.9358,0.1866,0.5386,0.038399,0.0196,False
C3_none_p02_k2,C3,none,p02,2,-8.5719,-1.9728,1.9728,0.5753,0.9588,0.1912,0.5802,0.041133,0.0212,False
C3_none_p02_k4,C3,none,p02,4,-7.0696,-1.917,1.917,0.562,0.9418,0.1942,0.4919,0.046402,0.0207,False
C3_none_p02_k3,C3,none,p02,3,-9.6016,-1.8959,1.8959,0.571,0.957,0.2266,0.4735,0.033632,0.0139,False
C3_none_p02_k5,C3,none,p02,5,-8.5861,-1.9273,1.9273,0.5553,0.9261,0.1728,0.5306,0.046217,0.0137,False
C3_none_p02_k6,C3,none,p02,6,-3.8498,-2.0645,2.0645,0.5866,0.9272,0.2097,0.5207,0.040484,0.0215,False
C3_none_p02_k7,C3,none,p02,7,-1.845,-1.979,1.979,0.5707,0.9251,0.206,0.5267,0.029029,0.0353,False
C3_none_p03_k1,C3,none,p03,1,-3.9545,-1.8291,1.8291,0.5847,0.9359,0.2587,0.6232,0.05656,0.0155,False
C3_none_p03_k0,C3,none,p03,0,-2.5711,-1.9631,1.9631,0.5676,0.9149,0.2081,0.5205,0.054258,0.0138,False
C3_none_p03_k2,C3,none,p03,2,-4.7468,-1.8549,1.8549,0.6208,0.9718,0.1959,0.5357,0.043424,0.0143,False
C3_none_p03_k3,C3,none,p03,3,-1.7364,-1.9946,1.9946,0.5417,0.8997,0.3353,0.5726,0.060099,0.0215,False
C3_none_p03_k4,C3,none,p03,4,-5.0089,-2.0172,2.0172,0.5977,0.9561,0.2648,0.4688,0.048575,0.0018,False
C3_none_p03_k5,C3,none,p03,5,-1.0325,-1.8356,1.8356,0.5899,0.9408,0.336,0.4692,0.039295,0.0143,False
C3_none_p03_k6,C3,none,p03,6,-4.2228,-2.0672,2.0672,0.5777,0.9317,0.258,0.5481,0.051501,0.0105,False
C3_none_p03_k7,C3,none,p03,7,-3.2624,-2.0276,2.0276,0.5683,0.9123,0.2637,0.531,0.050881,0.0141,False
C3_none_p04_k0,C3,none,p04,0,-11.9103,-1.9878,1.9878,0.5912,0.9418,0.4976,0.3714,0.015944,0.0053,False
C3_none_p04_k1,C3,none,p04,1,-9.7235,-1.965,1.965,0.5577,0.9256,0.4148,0.3781,0.038407,0.0018,False
C3_none_p04_k2,C3,none,p04,2,-5.1667,-1.8284,1.8284,0.5378,0.9045,0.4552,0.3805,0.014268,0.0035,False
C3_none_p04_k3,C3,none,p04,3,-7.6388,-1.9391,1.9391,0.5577,0.9366,0.4543,0.3186,0.037541,0.0035,False
C3_none_p04_k4,C3,none,p04,4,-4.7706,-1.9002,1.9002,0.5653,0.9288,0.4824,0.3908,0.032245,0.0018,False
C3_none_p04_k5,C3,none,p04,5,-5.0544,-2.0261,2.0261,0.544,0.9198,0.4301,0.3785,0.033065,0.0069,False
C3_none_p04_k6,C3,none,p04,6,-6.8504,-1.8459,1.8459,0.5361,0.9164,0.4269,0.3458,0.019473,0.0018,False
C3_none_p04_k7,C3,none,p04,7,-6.2312,-1.8401,1.8401,0.5941,0.9515,0.4125,0.3586,0.035111,0.0017,False
C3_none_p05_k1,C3,none,p05,1,-5.8059,-2.1936,2.1936,0.5496,0.8864,0.3356,0.4778,0.056128,0.0126,False
C3_none_p05_k2,C3,none,p05,2,-5.7968,-2.1547,2.1547,0.5598,0.9298,0.3054,0.4153,0.064578,0.0091,False
C3_none_p05_k0,C3,none,p05,0,-2.6901,-1.9622,1.9622,0.5249,0.903,0.2994,0.455,0.05991,0.007,False
C3_none_p05_k4,C3,none,p05,4,-5.4555,-1.898,1.898,0.5507,0.9148,0.3129,0.4694,0.069142,0.007,False
C3_none_p05_k3,C3,none,p05,3,-3.7228,-2.0815,2.0815,0.5565,0.898,0.2629,0.4547,0.071662,0.0036,False
C3_none_p05_k5,C3,none,p05,5,-1.9854,-2.1748,2.1748,0.5435,0.9187,0.2273,0.3631,0.049707,0.0019,False
C3_none_p05_k6,C3,none,p05,6,-4.4571,-1.9401,1.9401,0.61,0.9794,0.1793,0.4037,0.042931,0.0018,False
C3_none_p05_k7,C3,none,p05,7,-5.184,-1.9973,1.9973,0.5432,0.919,0.2703,0.4456,0.059702,0.0071,False
C3_none_p06_k0,C3,none,p06,0,-4.0712,-1.9101,1.9101,0.5337,0.9108,0.4153,0.3975,0.04164,0.0034,False
C3_none_p06_k1,C3,none,p06,1,-4.7722,-1.9586,1.9586,0.5527,0.9229,0.3807,0.3303,0.030583,0.0181,False
C3_none_p06_k3,C3,none,p06,3,-2.8497,-1.8482,1.8482,0.5455,0.9031,0.3761,0.3941,0.018675,0.0181,False
C3_none_p06_k2,C3,none,p06,2,-4.1441,-2.0158,2.0158,0.5289,0.8895,0.4003,0.337,0.039108,0.0088,False
C3_none_p06_k4,C3,none,p06,4,-3.5138,-1.836,1.836,0.5699,0.9195,0.39,0.3517,0.03768,0.0171,False
C3_none_p06_k5,C3,none,p06,5,-3.6764,-1.7985,1.7985,0.5749,0.9208,0.3799,0.3841,0.063651,0.007,False
C3_none_p06_k6,C3,none,p06,6,-4.1883,-2.0622,2.0622,0.5257,0.8859,0.3641,0.3537,0.025334,0.0176,False
C3_none_p06_k7,C3,none,p06,7,-4.7612,-1.8667,1.8667,0.571,0.9231,0.3571,0.2945,0.029933,0.0053,False
C3_none_p07_k0,C3,none,p07,0,-7.8512,-2.0391,2.0391,0.61,0.9588,0.2208,0.449,0.040279,0.0018,False
C3_none_p07_k1,C3,none,p07,1,-8.1699,-2.1637,2.1637,0.5848,0.9531,0.2316,0.5035,0.069259,0.0036,False
C3_none_p07_k3,C3,none,p07,3,-6.3039,-1.8734,1.8734,0.55,0.9091,0.2144,0.399,0.05102,0.0019,False
C3_none_p07_k2,C3,none,p07,2,-5.9002,-1.9435,1.9435,0.6041,0.9471,0.2434,0.4974,0.059931,0.0073,False
C3_none_p07_k4,C3,none,p07,4,-6.8958,-2.203,2.203,0.5625,0.9248,0.2031,0.3929,0.053485,0.0038,False
C3_none_p07_k5,C3,none,p07,5,-8.4163,-1.9245,1.9245,0.5562,0.9313,0.2809,0.5083,0.055302,0.0018,False
C3_none_p07_k6,C3,none,p07,6,-3.8231,-2.0893,2.0893,0.5672,0.9281,0.1774,0.4443,0.059639,0.0018,False
C3_none_p07_k7,C3,none,p07,7,-8.4644,-2.0781,2.0781,0.5913,0.9426,0.1835,0.4886,0.064596,0.0105,False
C3_none_p08_k1,C3,none,p08,1,-4.0215,-2.1133,2.1133,0.5528,0.9076,0.306,0.5406,0.051462,0.0193,False
C3_none_p08_k0,C3,none,p08,0,-3.658,-2.0449,2.0449,0.5702,0.9337,0.3463,0.5507,0.04052,0.0017,False
C3_none_p08_k3,C3,none,p08,3,-2.8461,-1.9944,1.9944,0.5723,0.9449,0.3326,0.633,0.039136,0.0018,False
C3_none_p08_k4,C3,none,p08,4,-6.0447,-2.0229,2.0229,0.5923,0.9403,0.3189,0.5169,0.044047,0.0018,False
C3_none_p08_k2,C3,none,p08,2,-3.0946,-2.2869,2.2869,0.5157,0.9003,0.293,0.5295,0.04392,0.0051,False
C3_none_p08_k5,C3,none,p08,5,-3.953,-1.9311,1.9311,0.5775,0.9196,0.3165,0.5388,0.040028,0.0017,False
C3_none_p08_k6,C3,none,p08,6,-1.6619,-1.949,1.949,0.5858,0.9444,0.2977,0.5856,0.059109,0.0103,False
C3_none_p08_k7,C3,none,p08,7,-4.3954,-2.1261,2.1261,0.5659,0.9339,0.3218,0.529,0.021658,0.0,False
C3_none_p09_k0,C3,none,p09,0,-8.2272,-1.8203,1.8203,0.5666,0.9503,0.4102,0.3973,0.02888,0.0085,False
C3_none_p09_k1,C3,none,p09,1,-4.2972,-1.7794,1.7794,0.5969,0.9449,0.403,0.4417,0.022027,0.0171,False
C3_none_p09_k3,C3,none,p09,3,-4.2073,-1.9093,1.9093,0.5904,0.932,0.4536,0.3601,0.020959,0.0072,False
C3_none_p09_k4,C3,none,p09,4,-7.6994,-1.9073,1.9073,0.5763,0.9472,0.4488,0.3862,0.035067,0.0051,False
C3_none_p09_k2,C3,none,p09,2,-6.7854,-1.7273,1.7273,0.5805,0.9658,0.4008,0.3076,0.033198,0.0097,False
C3_none_p09_k5,C3,none,p09,5,-10.1957,-1.6921,1.6921,0.5879,0.9605,0.388,0.3736,0.016876,0.0034,False
C3_none_p09_k6,C3,none,p09,6,-10.8612,-1.9813,1.9813,0.5765,0.9507,0.3633,0.3288,0.028891,0.0018,False
C3_none_p09_k7,C3,none,p09,7,-5.0507,-1.8515,1.8515,0.5995,0.9542,0.3735,0.3022,0.026912,0.0121,False
C3_none_p10_k1,C3,none,p10,1,-5.7193,-1.9924,1.9924,0.514,0.916,0.4376,0.4356,0.030617,0.0018,False
C3_none_p10_k0,C3,none,p10,0,-5.1428,-2.0172,2.0172,0.5531,0.9426,0.4449,0.3931,0.030527,0.0018,False
C3_none_p10_k2,C3,none,p10,2,-2.2695,-2.0594,2.0594,0.5301,0.9233,0.3837,0.3943,0.017589,0.0035,False
C3_none_p10_k3,C3,none,p10,3,-3.5253,-1.9737,1.9737,0.5124,0.8785,0.4297,0.4368,0.03216,0.0018,False
C3_none_p10_k4,C3,none,p10,4,-3.3013,-2.1206,2.1206,0.5286,0.9071,0.3592,0.4361,0.022397,0.0017,False
C3_none_p10_k5,C3,none,p10,5,-4.4829,-1.9879,1.9879,0.5805,0.9424,0.3814,0.3917,0.017911,0.0018,False
C3_none_p10_k6,C3,none,p10,6,-5.3348,-1.994,1.994,0.5292,0.8911,0.4222,0.3828,0.018673,0.0,False
C3_none_p10_k7,C3,none,p10,7,-5.3584,-2.0791,2.0791,0.532,0.9271,0.4228,0.4026,0.019564,0.0018,False
C3_none_p11_k1,C3,none,p11,1,-8.7415,-1.9989,1.9989,0.5352,0.9058,0.3873,0.3061,0.044431,0.0051,False
C3_none_p11_k4,C3,none,p11,4,-7.8259,-2.0592,2.0592,0.5758,0.9058,0.3812,0.3611,0.047341,0.0324,False
C3_none_p11_k2,C3,none,p11,2,-7.1603,-2.169,2.169,0.553,0.931,0.3567,0.3148,0.050565,0.0312,False
C3_none_p11_k0,C3,none,p11,0,-5.4515,-1.9829,1.9829,0.6006,0.9468,0.3865,0.3525,0.027727,0.0088,False
C3_none_p11_k3,C3,none,p11,3,-6.0636,-1.9903,1.9903,0.5869,0.94,0.3473,0.374,0.040219,0.0144,False
C3_none_p11_k5,C3,none,p11,5,-7.2163,-2.057,2.057,0.5581,0.9205,0.3022,0.4438,0.045793,0.0291,False
C3_none_p11_k6,C3,none,p11,6,-6.6877,-2.0073,2.0073,0.5632,0.9049,0.3218,0.3772,0.032246,0.0182,False
C3_none_p11_k7,C3,none,p11,7,-6.4618,-2.1253,2.1253,0.5486,0.9295,0.3396,0.3216,0.02596,0.0052,False
C3_none_p12_k3,C3,none,p12,3,-1.8301,-2.156,2.156,0.5378,0.93,0.2767,0.5787,0.012106,0.0036,False
C3_none_p12_k2,C3,none,p12,2,-0.5052,-2.148,2.148,0.5568,0.9145,0.2531,0.512,0.037831,0.0018,False
C3_none_p12_k0,C3,none,p12,0,-1.2268,-1.704,1.704,0.5616,0.9533,0.2686,0.5013,-0.000138,0.0035,False
C3_none_p12_k1,C3,none,p12,1,-4.3473,-2.0296,2.0296,0.6038,0.9644,0.3296,0.4917,0.026244,0.0087,False
C3_none_p12_k4,C3,none,p12,4,-4.0979,-2.0004,2.0004,0.5836,0.9512,0.2328,0.5593,0.025398,0.0056,False
C3_none_p12_k5,C3,none,p12,5,-2.5099,-1.8238,1.8238,0.5863,0.9522,0.247,0.5594,0.027395,0.0018,False
C3_none_p12_k6,C3,none,p12,6,-1.8533,-1.7678,1.7678,0.6011,0.9457,0.1942,0.5582,0.028184,0.009,False
C3_none_p12_k7,C3,none,p12,7,-3.8492,-1.8216,1.8216,0.5895,0.9551,0.2589,0.598,0.016577,0.0051,False
C3_none_p13_k0,C3,none,p13,0,-6.21,-2.0005,2.0005,0.5817,0.9444,0.2627,0.5251,0.047568,0.0439,False
C3_none_p13_k1,C3,none,p13,1,-4.6735,-1.8967,1.8967,0.5353,0.9183,0.2375,0.6203,0.055673,0.0455,False
C3_none_p13_k2,C3,none,p13,2,-6.1146,-2.0202,2.0202,0.5534,0.9368,0.2906,0.4996,0.045546,0.0231,False
C3_none_p13_k4,C3,none,p13,4,-5.0723,-1.8618,1.8618,0.5515,0.9365,0.235,0.4845,0.031813,0.0261,False
C3_none_p13_k3,C3,none,p13,3,-5.7361,-1.8839,1.8839,0.589,0.9478,0.3053,0.4889,0.046731,0.0305,False
C3_none_p13_k5,C3,none,p13,5,-4.7782,-1.8809,1.8809,0.5887,0.9515,0.2614,0.502,0.057646,0.0449,False
C3_none_p13_k6,C3,none,p13,6,-4.381,-2.0046,2.0046,0.5484,0.938,0.257,0.4698,0.034403,0.0139,False
C3_none_p13_k7,C3,none,p13,7,-4.7234,-2.0986,2.0986,0.5538,0.9407,0.2064,0.5498,0.037846,0.0429,False
C3_none_p14_k0,C3,none,p14,0,-7.6414,-1.8932,1.8932,0.5549,0.9294,0.57,0.4715,0.048434,0.0018,False
C3_none_p14_k1,C3,none,p14,1,-6.3376,-1.9765,1.9765,0.56,0.937,0.5,0.43,0.045012,0.0,False
C3_none_p14_k2,C3,none,p14,2,-3.6041,-2.0635,2.0635,0.5891,0.9424,0.5547,0.4076,0.036075,0.0018,False
C3_none_p14_k3,C3,none,p14,3,-6.7788,-1.9476,1.9476,0.5957,0.9573,0.4666,0.402,0.042468,0.0038,False
C3_none_p14_k4,C3,none,p14,4,-3.3556,-1.9709,1.9709,0.5597,0.906,0.5712,0.4639,0.054456,0.0018,False
C3_none_p14_k5,C3,none,p14,5,-8.9764,-1.9921,1.9921,0.5639,0.9192,0.5131,0.3771,0.059027,0.0018,False
C3_none_p14_k6,C3,none,p14,6,-8.6278,-2.0713,2.0713,0.5731,0.9253,0.5287,0.4136,0.047831,0.0,False
C3_none_p14_k7,C3,none,p14,7,-5.8638,-1.8978,1.8978,0.5686,0.9513,0.477,0.415,0.043746,0.0036,False
C3_none_p15_k1,C3,none,p15,1,-3.6099,-2.069,2.069,0.5241,0.8807,0.387,0.4623,0.046875,0.0273,False
C3_none_p15_k0,C3,none,p15,0,-4.3827,-1.9756,1.9756,0.5528,0.9415,0.3165,0.3744,0.043316,0.0124,False
C3_none_p15_k4,C3,none,p15,4,-3.1818,-2.2688,2.2688,0.5412,0.9204,0.3094,0.4077,0.029751,0.0147,False
C3_none_p15_k3,C3,none,p15,3,-0.795,-1.9786,1.9786,0.5598,0.8918,0.2923,0.4856,0.026103,0.0128,False
C3_none_p15_k2,C3,none,p15,2,-1.5315,-2.0707,2.0707,0.4821,0.8792,0.3195,0.4304,0.039433,0.0152,False
C3_none_p15_k5,C3,none,p15,5,-3.9378,-2.0975,2.0975,0.5072,0.8988,0.3669,0.4443,0.02997,0.0036,False
C3_none_p15_k6,C3,none,p15,6,-0.4447,-1.935,1.935,0.5639,0.9304,0.2878,0.4074,0.042377,0.0035,False
C3_none_p15_k7,C3,none,p15,7,-7.1084,-1.9289,1.9289,0.5227,0.8904,0.267,0.4723,0.058452,0.0121,False
